{
  "type": "minecraft:jigsaw",
  "biomes": "#minecraft:is_overworld",
  "step": "underground_structures",
  "spawn_overrides": {},
  "terrain_adaptation": "encapsulate",
  "start_pool": "amethystapath:amethyst_chasm",
  "dimension_padding": { "bottom": 3, "top": 238 },
  "liquid_settings": "ignore_waterlogging",
  "size": 1,
  "start_height": {
    "type": "minecraft:biased_to_bottom",
    "min_inclusive": {
      "absolute": -50
    },
    "max_inclusive": {
      "absolute": -16
    }
  },
  "max_distance_from_center": 96,
  "use_expansion_hack": false
}