{
  "type": "minecraft:chest",
  "pools": [
    {
      "rolls": 4,
      "entries": [
        {
          "type": "minecraft:item",
          "name": "minecraft:amethyst_shard",
          "weight": 20,
          "functions": [
            { "function": "minecraft:set_count", "count": { "min": 4, "max": 16 } }
          ]
        },
        {
          "type": "minecraft:item",
          "name": "minecraft:amethyst_block",
          "weight": 10,
          "functions": [
            { "function": "minecraft:set_count", "count": { "min": 1, "max": 4 } }
          ]
        },
        {
          "type": "minecraft:item",
          "name": "minecraft:amethyst_cluster",
          "weight": 6,
          "functions": [
            { "function": "minecraft:set_count", "count": { "min": 1, "max": 3 } }
          ]
        },
        {
          "type": "minecraft:item",
          "name": "minecraft:diamond",
          "weight": 3,
          "functions": [
            { "function": "minecraft:set_count", "count": { "min": 1, "max": 3 } }
          ]
        },
        {
          "type": "minecraft:item",
          "name": "minecraft:diamond_pickaxe",
          "weight": 1,
          "functions": [
            {
              "function": "minecraft:enchant_randomly"
            }
          ]
        }
      ]
    }
  ]
}
