{
  "type": "minecraft:chest",
  "pools": [
    {
      "rolls": 1,
      "entries": [
        {
          "type": "minecraft:item",
          "name": "minecraft:amethyst_shard",
          "functions": [
            {
              "function": "minecraft:set_count",
              "count": { "min": 2, "max": 5 }
            }
          ]
        }
      ]
    }
  ],
  "functions": [
    {
      "function": "minecraft:set_custom_data",
      "tag": "{triggered:0b}"
    }
  ]
}